OriginalTweet,Attitude,Emotion,Link
"b""@FLbeachrealtor @johnpilger NATO doesn't want Ukraine because US and Europe would be brought in direct conflict with Russia. The video shows a US journalist with a track record of reporting in favour of Russia, embedded on the Russian side, interviewing Russian separatists,which in my view is problematic.""",0,0,#VALUE!
b'@kfc Financing the Russian market means supporting the war crimes of the Russian fascists in Ukraine. All those who cooperate with terrorists will be responsible for the deaths of innocent Ukrainians. Stop business in russia!',1,1,#VALUE!
"b'These men may be ""heroes"" in Russia, but they represent a military that preys on weaker opponents, commits war crimes, and fights unjust wars on innocent people. Vile scum and killers. @Russia\n\nThe heavy losses of an elite Russian regiment in Ukraine\nhttps://t.co/SbOQfn1RDK'",0,0,https://t.co/SbOQfn1RDK
b'@RussianEmbassy @mfa_russia @RusembUkraine @RusEmbUSA @RusMission_EU @BBCWorld @SkyNews @ftworldnews @guardianworld @TelegraphWorld @spectator West didn\'t have to work at it.\nThere was no threat from Ukraine or any of the other ex-Soviet states until Putin\'s invasion. \nNeo-Nazi describes "I\'m going to elect myself" Putin exactly.',1,0,#VALUE!
b'#NGO = #DARKNESS! #RUSSIA/#PUTIN is fighting it! West is corrupt. End Globalization. \n\n#WakeUp #Evil #NATO #US #EUROPE #Z #V #O #UKRAINE #BIOLABS #HATE #LOVE',0,0,#VALUE!
"b'@GrayConnolly USSR collapsed due to corruption and incompetence in 89-91.   Everything russia has done in Ukraine can be explained by corruption &amp; incompetence, its simple really, not Putin playing 4D chess.  Your over thinking this in a western mindset.  Think of Russia as being Trump'",1,0,#VALUE!
b'@ImJohnEli There are no winners here. Russia will be the loser if Ukraine is able to maintain its territorial integrity. The world will also be the winner in that instance.',0,0,#VALUE!
b'@DrChrisParry All future gas/money paid to Russia will only pay for Ukraine reparation.',0,0,#VALUE!
b"@armscontrol_rus @EUinRussia @eurouacom @RussiaUN @RussianEmbassy @Rusembchina @torgpredstvo @balkanist2019 @BelarusMID @srbijainfo @AmbasadaRusije To the Russian government employee who wrote this tweet: I assume you don't have the same restricted media that your fellow Russians in Russia do? Do you feel any guilt for Pushing a 100% lie for money? Russia is murdering civilians in Ukraine.",1,1,#VALUE!
"b'@EmineErdogan #BJP is creating war between #muslims &amp; #Hindu our country #India by spreading #islamophobiainindia like war between #Ukraine and #Russia . #Karauli ,#Mariupol ,#chechenos ,#HalalPeHungama ,#Halal ,#BajrangDal ,#Chechnya ,#Chechen ,#Turkey . Stop future #Muslimgenocide in #India'",1,0,#VALUE!
b'@PerAhlberg1 @RonOBrien17 @christogrozev I agree from a moral perspective. But I unfortunately don\xe2\x80\x99t see which juridiction can force Russia to pay reparations to Ukraine. France did to Germany in 1871 after the 1871 peace treaty. The other way around in 1918 and 1945. Nobody went to any tribunals for the reparations',1,0,#VALUE!
b"extremely poor planning on ian's part to try and crowdfund a book written by an azov guy before russia declared war on ukraine and people stopped caring about them being nazis",1,0,#VALUE!
"b""@wride_nicholas @STWuk 800 + military bases around the world. The USA would definitively get a base or more in Ukraine if Ukraine joined NATO, despite it's pivot to China. Russia seems to have just a handful of bases outside Russia. The US Federal Reserve prints all the money the US needs.""",0,0,#VALUE!
"b'@tripplexdm @Casey @ptuxerman Stepan Bandera, I know he is a hero for some Ukrainians , but being in SS and kill many from Ukraine, Russia and Belorussian. And many of his followers burn so many villages in \xf0\x9f\x87\xa7\xf0\x9f\x87\xbe'",0,0,#VALUE!
"b""Since Russia started a war in Ukraine, I've been immediately on full alert when the (common-ish) siren for volunteer firefighters goes off. It's a different tone pattern to the general danger siren, but you only know the pattern for sure after listening for more than 15 seconds\xe2\x80\xa6""",1,0,#VALUE!
b"@armscontrol_rus @RusEmbUSA @Sadigbayli @mfa_russia @mission_rf @mission_russian @lesiavasylenko @aavst20551 @l2989999 @ambrusburundi To the Russian government employee who wrote this tweet: I assume you don't have the same restricted media that your fellow Russians in Russia do? Do you feel any guilt for Pushing a 100% lie for money? Russia is murdering civilians in Ukraine.",1,1,#VALUE!
b'via @NYTimes\nGlory to Ukraine  https://t.co/HjPZFO28yV',1,1,https://t.co/HjPZFO28yV
b'\xf0\x9f\x87\xb7\xf0\x9f\x87\xba\xf0\x9f\x87\xb8\xf0\x9f\x87\xbe Battle-hardened Syrian volunteers have started arriving in Russia to assist the forces of the Russian Federation in its special military operation in Ukraine.\n\n\xf0\x9f\xaa\x96 #UkraineRussianWar',0,0,#VALUE!
b"@armscontrol_rus @osce_ru @RF_OSCE @ambrusburundi @LV_RUSEMBAS @Russian_Emb_MKD @russembkenya @RussianEmbassyR @CG_Russia_Brno @rusemb_tm @rianru To the Russian government employee who wrote this tweet: I assume you don't have the same restricted media that your fellow Russians in Russia do? Do you feel any guilt for Pushing a 100% lie for money? Russia is murdering civilians in Ukraine.",1,1,#VALUE!
b'Russia vows to target British-made weapons https://t.co/zeqp9RJi4H via @MailOnline',0,0,https://t.co/zeqp9RJi4H via @MailOnline
"b'@kfc Murders, robberies, violence are all that russia is doing in Ukraine today. By cooperating with russia, you become a participant of all these crimes. Do not cooperate with Russia!'",1,1,#VALUE!
b'@IAPonomarenko The fact that Ukraine has not taken responsibility for the attack inside Russia is driving Putin nuts. Was it Ukraine? Was it an accident? Was it his own soldiers sabotaging a war they did not sign up for?',0,1,#VALUE!
"b'@McConnellMG808 @DarkaHirna @AVindman More dead soldiers from RF will not help. Ukraine needs better weapons so that Russia will withdraw completely and not attack again, anywhere in Ukraine.'",0,0,#VALUE!
"b'@IAPonomarenko If any Western countries try to sweep this war (crime) against Ukraine under the carpet and try to go back to business as usual with Russia. Then everyone needs to hold these politicians, these greedy corporations accountable as if they are as guilty as Putin. No more is this OK.'",1,0,#VALUE!
b'#Enerhodar #Ukraine now. #Russia #RussianArmedForces are shooting civil people - that declare that they are still against #RussiaInvadedUkraine. #RussiaWarCrimes. #PutinWarCrimes https://t.co/BZHu3O9mDj',1,0,https://t.co/BZHu3O9mDj
b'Biden warns China about supporting Russia amid war in\xc2\xa0Ukraine https://t.co/tkVSHSXziO',1,0,https://t.co/tkVSHSXziO
"b'@RussiaUN @mod_russia @mfa_russia @RusEmbUSA @RussianEmbassy @AmbRusFrance @UNCANews @vrobecco @PamelaFalk @baysontheroad @kambizf @pass_blue Send this postcard from Ukraine to your fuking boss, please. https://t.co/vSEcXC6CPC'",0,1,https://t.co/vSEcXC6CPC
b"@Krzyszt82966282 @damselpoison @GMimi62 @FransGotThis @olya_rudenko @NATO NATO and Russia fighting each other directly to protect Ukraine sovereignty. We're all going to die in a nuclear war so Ukraine can be free to be a puppet of the USA?",0,1,#VALUE!
"b'The seasons are changing, Spring is here. It\'s time for seasonal flus, colds and allergies. Lets not let our gov\'t, and media, instigate more Covid hysteria; more mandates, Vaxx promoting,  etc. ... let""s not be fools! #COVID19 #BidenCrimeFamilly #Fauci #Ukraine #Russia https://t.co/of9Pn7NcqK'",0,1,https://t.co/of9Pn7NcqK
b'@kfc Your cooperation with the Russian market is your attitude to the war in Ukraine. You are sponsoring the war and the killing of Ukrainians while staying in the Russian market. Stop your business in Russia!',1,1,#VALUE!
"b""me:  []\n11yo:  is that good or bad?\nme:  [potted history of far left politics, USSR, russia, ukraine, Corbyn]\n11yo:  I'll have the Chicken Legend again.  Don't forget the ketchup.""",0,0,#VALUE!
"b'@arthuromeo @RALee85 Yes completely aware. But sadly that only counts for so much. Listen, i hope Ukraine kicks russia completely out of the whole of Ukraine but its much easier to defend then go an the attack even with numbers.'",1,1,#VALUE!
"b'FILE PHOTO: A Ukrainian soldier hides from a helicopter airstrike amid Russia\'s invasion of Ukraine, near Demydiv, Ukraine March 10, 2022.  REUTERS/Maksim Levin/File Photo SEARCH ""MAKSIM LEVIN"" FOR ALL IMAGES. https://t.co/sKfp9vYUrz'",1,0,https://t.co/sKfp9vYUrz
b"@armscontrol_rus @mfa_russia @UKRinOSCE @i_army_org @Ukraine @USAmbMongolia @USEmbRuPress @UN @UnderSecT @LethalWeaponFOX @Chinamission2un @ChineseEmbinRus Maybe you should stop murdering Ukrainians so they don't need these weapons?",1,1,#VALUE!
b'Right now Putin is committing genocide in Ukraine! Russian military forces bomb cities and murder civilians! Please send military and humanitarian aid to #Ukraine! Introduce the most severe sanctions against #Russia! We must stop Putin together and prevent his further war crimes',1,1,#VALUE!
"b'Russian Forces Kill Over 100 Nationalists, Mercenaries in High Precision #Iskander Strike Against Defence HQ in #Kharkov \n\nA missile strike destroyed the Ukrainian defense Headquater in Kharkov, eliminating Ukrainian Nationalists &amp; Western #Mercenaries\n\n#Video #Russia #Ukraine https://t.co/DXZBDG2CMH'",1,1,https://t.co/DXZBDG2CMH
"b'@jabroni619 @MarshaBlackburn And, just so you know, I suspected that the info on Hunter was at least partially true. After all, he was involved in Russia and Ukraine and at the time this would have happened, Ukraine had a Putin puppet in the Presidency. And since Hunter had addiction issues&gt;7'",0,1,#VALUE!
"b'@SenHydeSmith @JakeSullivan46 Dear Cindy, thank you so much!! Indeed, as a priority \xf0\x9f\x87\xba\xf0\x9f\x87\xa6still needs fighter jets &amp; long-range SAMs! Please promote &amp; push this agenda on the US level. Ukraine is making great progress in the war and can defeat russia, just help us a bit with the heavy arms like jets and SAMs...\xf0\x9f\x98\xa5'",1,1,#VALUE!
"b""Russia's talks with Ukraine have not been easy, but the main thing is that they are continuing, RIA news agency quoted Kremlin spokesman Dmitry Peskov as saying on Saturday. https://t.co/emOwkcI0UA""",0,0,https://t.co/emOwkcI0UA
b"@armscontrol_rus @MID_RF @MIDArkh @smdmid @mid_yakutsk @MID_Orenburg @MIDKrasnoyarsk @MID_SAMARA @MID_Izhevsk @MID_Kamchatka @mid_alania To the Russian government employee who wrote this tweet: I assume you don't have the same restricted media that your fellow Russians in Russia do? Do you feel any guilt for Pushing a 100% lie for money? Russia is murdering civilians in Ukraine.",1,1,#VALUE!
b'@armscontrol_rus @mfa_russia @UKRinOSCE @i_army_org @Ukraine @USAmbMongolia @USEmbRuPress @UN @UnderSecT @LethalWeaponFOX @Chinamission2un @ChineseEmbinRus If I had as much as a kitchen knife that I thought would\xe2\x80\x99ve helped Ukraine get rid of Russian cancer..!',1,1,#VALUE!
"b'@mfa_russia @RusEmbUSA @RussianEmbassy @RusEmbIndia @EmbassyofRussia @mission_russian @RusBotschaft @rusembassynl @Dpol_un @Amb_Ulyanov @A__Alimov While Russia wants to kill our present future, kill humanity, you have to think, it hurts every day to know how many people have died today, that is not the way, God forgive them, I do not support Ukraine or Russia, they only bring death: c'",0,0,#VALUE!
b'@armscontrol_rus @mfa_russia @UKRinOSCE @i_army_org @Ukraine @USAmbMongolia @USEmbRuPress @UN @UnderSecT @LethalWeaponFOX @Chinamission2un @ChineseEmbinRus Your account is just a pathetic parody.',0,1,#VALUE!
b'Xijinping is more "successful\' than Putin\nBecause China killed 1.2 million Tibetans and is occupying Tibet without sanctions and now Putin is wondering why Russia can not do the same with the people of Ukraine.\nCHINA SANCTIONS NOW\xe2\x80\xbc\xef\xb8\x8f\xf0\x9f\x91\x81\xef\xb8\x8f https://t.co/qRQhPW1NmB',0,1,https://t.co/qRQhPW1NmB
"b'Russian forces retreat from Kyiv region, Ukrainian military says  https://t.co/Zn4titowgd'",0,0,https://t.co/Zn4titowgd
b'Ex-ICC prosecutor urges global arrest warrant for Putin https://t.co/1B3LSI6h4X',1,0,https://t.co/1B3LSI6h4X
b'Russia\xe2\x80\x99s forces are killing the civilian population in Ukraine with weapons made of foreign components. That is why it is absolutely crucial to cease any business relations with Russia. #StandwithUkraine #StopRussia https://t.co/dqrAU1ye6G',1,0,https://t.co/dqrAU1ye6G
"b'No one cares, let the pain continue. \nNow add some long range missile to drop on there heads would be nice.\n\nStunning images inside Russian grocery store show dire situation\n\nhttps://t.co/YAGFJUuIrJ'",0,0,https://t.co/YAGFJUuIrJ
b'@ZelenskyyUa @EmmanuelMacron "...talks with \xf0\x9f\x87\xab\xf0\x9f\x87\xb7 President @EmmanuelMacron... humanitarian corridors from Mariupol..implemented!"- @ZelenskyyUa\n\nLet Mariupol be a France-Russia litmus test.\nFrance is still open for business in Russia.\nWhat Ukraine related concession has Mr. Putin given?\nhttps://t.co/3Kw3SL9tF2',1,1,https://t.co/3Kw3SL9tF2
b'#Lithuania ceasing all Russian #gas imports for domestic needs https://t.co/tPiAgRBX3X #Putinswar #Ukraine #Russia',0,0,https://t.co/tPiAgRBX3X #Putinswar #Ukraine #Russia
"b""#MaksimLevin, a #photographer and videographer who was working for a #Ukrainian news website and was a long-time contributor to Reuters, was killed while covering #Russia's invasion of Ukraine. He leaves behind his wife and four children.\nhttps://t.co/pbAZRNScqH""",1,0,https://t.co/pbAZRNScqH
"b'@ksenia755 @TheToriesOut @lesiavasylenko @NATO Man you really are stupid, after this explanation im muting you, I dont have time for imbeciles. Russia is outnumbered in this conflict because they only brought 190k troops to Ukraine vs Ukraines 600k numbered forces. Do you UNDERSTAND now Karen?'",0,1,#VALUE!
"b""1400 Ukrainian civilians being moved to Russia by the Russian occupiers is something ominuous to the press; a dark deed by Russia!\n\nBluntly, again it's like people writing it would have no idea how military occupiers behave - or, again, expect that Ukraine should be an exception.""",1,1,#VALUE!
b'@mfa_russia @TokayevKZ @Rfembkazakhstan @KremlinRussia_E @MFA_KZ @Kazakhstan @AkordaPress @primeministerkz @KazBrussels @KazEmbassyIndia @kazembassyEst Wow! Must be a huge deal! Now the peace talks over since Ukraine finally boomed Russia! Next I hope they hit Putin in the face! #PutinIsaWarCriminal',1,1,#VALUE!
"b""Russia's invasion of Ukraine has drawn #IC's attention away from other wars, including #Tigray. However, the world's most lethal disastrous war is taking place in #Tigray, where food has been weaponized for more than 17 months. #EndTigraySiege @vickyford @SenatorRounds""",1,0,#VALUE!
b'@StalinismUSA @SameeraKhan @AOC @krystalball Why? Anarchism is about degrees not absolutes. Only statists and fascists think in degrees of absolutes. I want Ukraine to be an independent and unmolested state---it is certainly better than it being an imperial domain of Russia.',1,0,#VALUE!
b'@rkapuaala @IAPonomarenko @MaxBoot aside from few big cities russia is a black hole and it wants to drug Ukraine into it https://t.co/wepf2WDBUD',0,0,https://t.co/wepf2WDBUD
b'Red Cross prepares for another attempt to rescue civilians from Mariupol as Russia shifts Ukraine\xc2\xa0focus https://t.co/yVfVvrdnuj',0,0,https://t.co/yVfVvrdnuj
b'@armscontrol_rus @mfa_russia @UKRinOSCE @i_army_org @Ukraine @USAmbMongolia @USEmbRuPress @UN @UnderSecT @LethalWeaponFOX @Chinamission2un @ChineseEmbinRus Lol only Russia would cry that a country is resisting in a war they started ! Just remember.. they go both ways ! https://t.co/8UDfH9wO9K',1,0,https://t.co/8UDfH9wO9K
b'For your Special Playlist - timeless positive music - \n"After Tomorrow"\n\n#music #Spotify #weekend #goodmorning #Peace @Spotify  #Ukraine #Russia #inspiration #future  #USA\n\nhttps://t.co/CaoXEZl1tl',0,0,https://t.co/CaoXEZl1tl
"b'\xf0\x9f\x87\xb7\xf0\x9f\x87\xbaRussia \xf0\x9f\x87\xba\xf0\x9f\x87\xa6Ukraine Conflict, 24Feb-02Apr\n\nRussian prisoners of war - \xe2\x80\x9ca free trip to hell\xe2\x80\x9d \xf0\x9f\x91\x87@LetUsUniteHere https://t.co/gH4mrpx40l'",0,0,https://t.co/gH4mrpx40l
b'@armscontrol_rus @mfa_russia @UKRinOSCE @i_army_org @Ukraine @USAmbMongolia @USEmbRuPress @UN @UnderSecT @LethalWeaponFOX @Chinamission2un @ChineseEmbinRus Fake news.',0,1,#VALUE!
"b""@RALee85 I don't understand  why they have not done before...fire missiles in Ukraine, why not fire missiles at Russia, give the some of there own medicine... Kremlin would be a good target! See if they learn the lesson.""",1,1,#VALUE!
b'@Howard_the_Buck @TicTocTick The peace story\xe2\x80\x99s are all fluff. Russias regrouping to fortify and hold the Donbas region + crimea.  Ukraine\xe2\x80\x99s done an amazing job blunting the Russian offensive.  It\xe2\x80\x99s an entirely other thing to have to go on the offensive and kick Russia out of those regions',1,0,#VALUE!
b'@DailyMailCeleb She is traumatized because Will slapped Chris and not because Russia is attacking Ukraine. Some people are just very stupid.',1,0,#VALUE!
b'#DmitryPeskov said that #Russia is ready to provide #Belarus with "absolute support" in the event of an attack on the republic. \n\n#Ukraine \n#UkraineRussiaWar \xf0\x9f\x87\xba\xf0\x9f\x87\xa6 \xf0\x9f\xaa\x96 \xf0\x9f\x87\xb7\xf0\x9f\x87\xba https://t.co/9TnJg5Yw3d',0,0,https://t.co/9TnJg5Yw3d
b'\xe2\x9a\xa1\xef\xb8\x8fMore War Crimes\nFollow my lists:\nRUSSIA &amp; UKRAINE One list since reporters &amp; others overlap https://t.co/W6orwnBWv3\nDEFENSE https://t.co/o0rpSL9G1i\nREFUGEES https://t.co/gkj6a0LZKj\nTHE HAGUE https://t.co/1LcxWzSd2R\nDC https://t.co/0urknX6mu0\nALL LISTS https://t.co/iYIHGMFG7f https://t.co/gHsgovlBkq',0,0,https://t.co/W6orwnBWv3\nDEFENSE https://t.co/o0rpSL9G1i\nREFUGEES https://t.co/gkj6a0LZKj\nTHE HAGUE https://t.co/1LcxWzSd2R\nDC https://t.co/0urknX6mu0\nALL LISTS https://t.co/iYIHGMFG7f https://t.co/gHsgovlBkq
"b'""Seeking full energy independence from Russian #gas, in response to #Russia\'s energy blackmail in #Europe and the war in #Ukraine, #Lithuania has completely abandoned Russian gas"" writes @MinEnergyLT. \n\nRead more: https://t.co/z8849CcZB3 https://t.co/lr6cNPbw8R'",1,0,https://t.co/z8849CcZB3 https://t.co/lr6cNPbw8R
b'@VolodymyrSt77 @bfry1981 @RALee85 Russia has lost under 1K soldiers. What an idiotic meme. Ukraine has lost nearly 20K yes.',0,0,#VALUE!
"b'Ongoing negotiations between Russia and Ukraine to end the ongoing war between the two nations is likely to dominate this week\xe2\x80\x99s Sunday show circuit. This week, Russian and Ukrainian negotiat\xe2\x80\xa6... https://t.co/07wOpXtrYk'",0,0,https://t.co/07wOpXtrYk
"b'Hanna Maliar, Ukraine\'s deputy defense minister, said Saturday that the Kyiv region had been ""liberated"" from Russian forces.\n\nShe said in a post on Facebook that Bucha, Irpin, Hostomel and ""the whole Kyiv region was liberated from the invader.""https://t.co/P1NbRGLfT4'",1,0,https://t.co/P1NbRGLfT4
"b'@AhmedBaba_ I hope everyone is taking a long look at Russia and Ukraine. If we let the fascists take over, will we fight as hard as the Ukranian people to protect our Democracy? God I hope so. #VoteBlueToSaveDemocracy \xf0\x9f\x92\x99\xf0\x9f\x8c\x8a\xf0\x9f\x8c\x8a\xf0\x9f\x8c\x8a\xf0\x9f\x8c\x8a\xf0\x9f\x8c\x8a\xf0\x9f\x8c\x8a\xf0\x9f\x8c\x8a'",1,1,#VALUE!
b'@mywaters2 @newsmax Russia has opposition media?\n\nUkraine banned opposition media because democracy.',0,1,#VALUE!
"b""@armscontrol_rus @mfa_russia @UKRinOSCE @i_army_org @Ukraine @USAmbMongolia @USEmbRuPress @UN @UnderSecT @LethalWeaponFOX @Chinamission2un @ChineseEmbinRus Yes they are selling them bows and arrows \xf0\x9f\x8f\xb9\xf0\x9f\x8f\xb9\xf0\x9f\x8f\xb9.\nThey will be leaked to none. Don't worry. You should worry more about the weapons your army is leaving behind as they run to hide as civilians.\nRussia, go to the cashier. The game is over. Take your earnings and stop.""",1,1,#VALUE!
"b'@IAPonomarenko The world is crying, the Russia is mentally ill, Ukraine is wounded in his flesh.'",1,0,#VALUE!
"b'@UAWeapons RSVP, special delivery for Vlad P.\n\n#PutinIsaWarCriminal #ukraine #russia #putin'",1,0,#VALUE!
b'Russia-Ukraine war latest: Ukrainian troops retake entire Kyiv region as evidence emerges of execution of civilians \xe2\x80\x93 live https://t.co/kNgdKWTyDh',0,0,https://t.co/kNgdKWTyDh
b'@xohaibshahzad @warwounded__ Exactly. NATO is pushing russia against the wall with ukraine having western influenced govt. Why not question  the reason western allies are at the doorsteps of Russia? And the point is not about standing with russia but to have an independed foreign policy.',0,0,#VALUE!
b"War in Ukraine Hasn't Loosened Putin's Grip on Power - TIME https://t.co/FvBC0AUoXb",0,0,https://t.co/FvBC0AUoXb
"b""Good news in that #Ukraine may be holding, even pushing back, Russian forces out of Ukraine.\n\nBad news, it's still Ukraine.\n\nBefore it was given a huge image makeover by being Russia's victim, Ukraine was Europe's poorest, perhaps most corrupt nation. See Hunter Biden emails.""",1,0,#VALUE!
b'Peace negotiations advanced enough to allow direct meeting between Putin and Zelenskyy: Interfax https://t.co/oAutkYTIs1',0,0,https://t.co/oAutkYTIs1
b'It breaks my heart to see these photos and feeling powerlessnesses whilst those who have power think\n\nthat we still need to wait for Russia to resort to chemical weapons to merit tougher sanctions and better military support for Ukraine. \n\nAre you serious? \n\n #nato \n #CloseTheSky https://t.co/z73reP8EZ4',1,1,https://t.co/z73reP8EZ4
b'@of_kyiv @DrallHiren @TaraTracey4 @mfa_russia @IndianDiplomacy @MEAIndia @AmbRus_India @RusEmbIndia @IndiaUNNewYork @ibtimes_india @indiandiplomats @IFAJournal @RusEmbUSA @IndEmbMoscow U just stick onto one sided campaign \nIt will be better for u\nBut India remains abstained until and unless there is a dialogue talks between Russia and Ukraine so that there is a hope that war stops',0,0,#VALUE!
"b'Ukraine should drop its NATO bid and establish itself as a security bufffer zone between NATO and Russia to seek its National Interest. Note: \xe2\x80\x9cIn this life, no one seek your interest more than you will. Play along, but never allow yourself to used\xe2\x80\x9d. I hope they get the clue.'",0,0,#VALUE!
b'Is it possible that the only way to stop #Russia in #Ukraine is by only #WWIII?',1,0,#VALUE!
"b""@Valleyziro @ivab10 @APatricius @BNONews India made its decisions about tieying with Russia long time ago. You also have military pacts with Japan. That's why there's not a chance of getting support from west now... Especially now, since India is clearly supporting the war in Ukraine..""",0,0,#VALUE!
"b'Chief Negotiator for Ukraine David Arakhamia:\n\nThe draft peace agreement between Russia and Ukraine is now advanced enough to allow talks between Putin and Zelensky.\n\n\xe2\x9e\x96 Russia accepted our offers, except for the Crimea issue. https://t.co/DS7NxKyYBI https://t.co/YtHM41qKQi'",1,0,https://t.co/DS7NxKyYBI https://t.co/YtHM41qKQi
"b'We must continue supporting the Ukrainian People.\n\nRussia\xe2\x80\x99s war against Ukraine: Day 38, April 2, \xe2\x80\x93 Update No. 2 https://t.co/wBXQXYHpsp'",1,1,https://t.co/wBXQXYHpsp
b'Destroyed #Russian armoured cumn near #Chernigiv\xf0\x9f\x87\xba\xf0\x9f\x87\xa6 #Ukraine #RussianArmy #\xd0\xa0\xd0\xbe\xd1\x81\xd1\x81\xd0\xb8\xd1\x8f #Russia #StandWithUkraine #RussianUkrainianWar #\xd0\x9a\xd0\xb8\xd1\x97\xd0\xb2 #Kyiv\n #\xd0\xa1\xd0\xb2\xd0\xbe\xd0\xb8\xd1\x85\xd0\x9d\xd0\xb5\xd0\x91\xd1\x80\xd0\xbe\xd1\x81\xd0\xb0\xd0\xb5\xd0\xbc #\xd0\xbf\xd0\xbe\xd1\x82\xd0\xb5\xd1\x80\xd1\x8c\xd0\xbd\xd0\xb5\xd1\x82 #\xd0\xbc\xd1\x8b\xd0\xb5\xd0\xb4\xd0\xb8\xd0\xbd\xd1\x8b #Z #\xd0\xa0\xd0\xa4 https://t.co/lqxeEZrhSm',1,1,https://t.co/lqxeEZrhSm
"b'Canada announced more sanctions against Russia, targeting 62 individuals &amp; entities, incl. members of the Russian elite &amp; major Russian banks, &amp; canceling all export permits, after Moscow launched an all-out invasion of Ukraine https://t.co/TKv4thxyDo \nhttps://t.co/OB4FgZeKw8'",1,0,https://t.co/TKv4thxyDo \nhttps://t.co/OB4FgZeKw8
b'@cdntradegrljenn It is sad. The strategy Russia is using in this war is not to preserve anything of Ukraine. It is to destroy who they are. They have hit a ton of religious sites as well. It it truly terrible.',1,1,#VALUE!
b'@Satoshyi @mfa_russia @RusEmbUSA @RussianEmbassy @RusEmbIndia @EmbassyofRussia @mission_russian @RusBotschaft @rusembassynl @Dpol_un @Amb_Ulyanov @A__Alimov This is how Ukraine treats nazi collaborators.\n\nWho are the nazis again? https://t.co/WS9MJROo06',0,1,https://t.co/WS9MJROo06
b'Zelensky does not confirm Ukraine launched an attack on an oil depot in Russia / The New Voice of Ukraine https://t.co/qz54ubacyq #Ukraine #UkraineRussia #UkraineUnderAtta\xd1\x81k #UkraineWar',0,0,https://t.co/qz54ubacyq #Ukraine #UkraineRussia #UkraineUnderAtta\xd1\x81k #UkraineWar
"b'@GhostManchu \xe2\x80\x9cWestern Civilization\xe2\x80\x9d does not exist. It is just a Nazi-Americoid psyop to unfairly sever the three easternmost European countries (Ukraine, Belarus, and Russia) from the rest of the European world.'",1,0,#VALUE!
"b'@RussianEmbassy @mfa_russia @RusembUkraine @RusEmbUSA @RusMission_EU @BBCWorld @SkyNews @ftworldnews @guardianworld @TelegraphWorld @spectator The west, north and south have no obligations to Russia. What don\xe2\x80\x99t you seem to understand?? You\xe2\x80\x99ve alienated yourself from the world by slaughtering the innocent people of Ukraine and decimating their country. We owe Russia Jack shit!! \xf0\x9f\x96\x95\xf0\x9f\x8f\xbd'",0,1,#VALUE!
"b'@armscontrol_rus @mfa_russia @UKRinOSCE @i_army_org @Ukraine @USAmbMongolia @USEmbRuPress @UN @UnderSecT @LethalWeaponFOX @Chinamission2un @ChineseEmbinRus Reminds me of when you \xe2\x80\x9cpumped\xe2\x80\x9d BUK\xe2\x80\x98s into Donbas, arming warlords who blew #MH17 out of the sky. Get out of Ukraine or the risk will exist to every Russian citizen on earth.'",1,1,#VALUE!
"b'@JeevesRockston @WeAreTheMSM Ukraine is the global child trafficking hub for dreno, nonce, murder etc... Chernobyl is main place they kept...why ye think these ghouls goin wild for Ukraine and using normies to fight against Russia'",1,1,#VALUE!
b'@armscontrol_rus @mfa_russia @UKRinOSCE @i_army_org @Ukraine @USAmbMongolia @USEmbRuPress @UN @UnderSecT @LethalWeaponFOX @Chinamission2un @ChineseEmbinRus Yep . Going to send a few more of these for the Ukrainians to \xe2\x80\x9c deliver \xe2\x80\x9c \n#PutinsWarCrimes #PutinButcher #RussianWarCrimes https://t.co/g2SUU3WrpO',0,1,https://t.co/g2SUU3WrpO
b'@ForecasterEnten\n I disagree that less talk of Covid helps Republicans. Less talk about Covid means less talk about masks and vaccines and Fauci and thus the sounding board for the ultra-right also disappears. https://t.co/CnfzaSYOmb',0,0,https://t.co/CnfzaSYOmb
"b'@Vick_top55 Western Ukraine does not want to be part of Russia &amp; Russia cannot hold them within their borders without constant turmoil. Leave them to their own divises. Between the Nazis &amp; Isis, the Ukrainians will soon discover who the real enemy is. Russia has bigger fish to fry'",0,1,#VALUE!
b'@armscontrol_rus @mfa_russia @UKRinOSCE @i_army_org @Ukraine @USAmbMongolia @USEmbRuPress @UN @UnderSecT @LethalWeaponFOX @Chinamission2un @ChineseEmbinRus Go out of Ukraine!',1,1,#VALUE!
b'"Those in the Middle East know the kind of destruction seen in Ukraine all too well \xe2\x80\x93 the West was the perpetrator."\nhttps://t.co/FdQopzjss4',0,1,https://t.co/FdQopzjss4
"b'#Chechen security forces, the #AzovBattalion #Aidar  #RightSector -busters, together with the #Russian servicemen\n\n#Russia #Ukraine #RussiaUkraineWar #UkraineRussiaWar \nVIDEO: https://t.co/hSozQk4Ufm'",1,0,https://t.co/hSozQk4Ufm
"b""@JPHughes19 It's impossible.  If Russia stops the war on this, then Ukraine will continue the war.  Immediately or after a short time.  And then this war will destroy the whole world.""",0,0,#VALUE!
"b""@AR26389717 PMIK, effectively, condemned Russia's unilateral action against Ukraine when he was Russia, &amp; the statement he issued said that a non-confrontational solution should be sought.\n\nAt the time, the conflict had just started. Today, a lot of ppl HAVE been killed.\n\nNSC statement etc..""",1,0,#VALUE!
"b'Dear @POTUS:\n\nPlease read this entire thread and see the folly of not actively protecting Ukraine. \n\nPutin will outlast your sanctions. Get that thru your head. \n\nAlso, WTF @McDonalds ?? Still open in E Russia https://t.co/RIaSHAKen5'",0,1,https://t.co/RIaSHAKen5
b'.@Biz_Ukraine_Mag so pleased by your follow. Much war news here. You may be interested in just launched "Russia War News" Telegram feed https://t.co/hprZzjmEKM and search engine: https://t.co/hvbRcS7YZU . We are exhaustively tracking the Russia War aggression. Pls let others know',1,0,https://t.co/hprZzjmEKM and search engine: https://t.co/hvbRcS7YZU . We are exhaustively tracking the Russia War aggression. Pls let others know
"b""@crockejo @HenriVanhanen I don't think Putin has the idea of \xe2\x80\x8b\xe2\x80\x8binvading other countries. The problem is that being Russia a great power, its neighbors can't have a foreign policy that could endanger it. The proximity of American missiles is a danger. Finland must not make the same mistake as Ukraine.""",0,0,#VALUE!
b"@timweekes @visegrad24 @IAPonomarenko Ukraine is as corrupt as Russia. We shouldn't be sending anything to these ungrateful fucks",0,1,#VALUE!
b"Every morning I wake up and for the first 5 minutes it seems to me that I dreamed about this war.  I say to myself: what kind of nonsense I dreamed?  Russia cannot attack Ukraine. WTF? It's like I attacked my brother",0,1,#VALUE!
b'@bfry1981 @RALee85 wow talk about fake news. Russia has loss less then 1K soldiers. Ukraine however has lost nearly 20K. Where do you get this stuff from?',0,1,#VALUE!
b'@StateDept @POTUS @Chinamission2un @mfa_russia @MFA_Ukraine Biden forking over 1 billion dollars of U.S. #TaxPayer #Money to Zenlensky to finance #UkrainianChineseEurope #NATOGlobalAlliance war with #Russia is creating a #Fascist state within #USA given #EconomicTrade between U.S. &amp; #China #Perpetuating #ENDLESSWAR https://t.co/C5jnAD86Dw',0,0,https://t.co/C5jnAD86Dw
"b""@ZelenskyyUa @BorisJohnson The United States and the European Union are committed to imposing the toughest sanctions on Russia in the wake of the Ukraine war.\nThe toughest sanctions are energy. Why does Russia supply 60% of Europe's energy?\nThe second option for energy supply, which country should you city""",1,0,#VALUE!
b'@armscontrol_rus @mfa_russia @UKRinOSCE @i_army_org @Ukraine @USAmbMongolia @USEmbRuPress @UN @UnderSecT @LethalWeaponFOX @Chinamission2un @ChineseEmbinRus Fake State Russia',1,1,#VALUE!
b'@mfa_russia @CHANEL @AmbRusFrance @franceonu @RussiaUN @RusBotschaft @RusEmbUSA @RusEmbassyUAE @RussianEmbassy @RusBotWien @mission_russian Maybe Russia should stop illegally invading and waging war against Ukraine then the world may change its opinion.',1,1,#VALUE!
"b""It's a bit sad that it's an extraordinary service to Ukraine to document the war as objectively &amp; scrupulously as possible, but Russia has made an enemy of the truth.""",0,1,#VALUE!
b'Gruesome evidence points to #WarCrimes  made by #Russia on roads outside #Kyiv - BBC News   #Ukraine #UkraineRussiaWar   https://t.co/d3q9ePEuLb',0,0,https://t.co/d3q9ePEuLb
"b""@andPowerless ME/Africa has the same issue. Tribalism. \n\nRussia has no legitimate concerns, let alone one that would justify invading and destroying. And no one was shooting at anyone until Russia invaded the Donbass in 2014. There's no defense of Russian aggression...\n\nhttps://t.co/FGtchdzVm8""",0,0,https://t.co/FGtchdzVm8
"b'@MSNBC @JoyceWhiteVance @TuckerCarlson So much lies&amp;fake news, Putin will never leave Ukraine&amp;getting his revenge from Obama for 8yrs putting useless sanctions on Russia. Now Putin is punishing Biden&amp;make his life miserable for rest of his presidency.What goes around comes around.'",1,0,#VALUE!
b'\xe2\x9a\xa1 Russian air defenses downed a Ukrainian Bayraktar drone.\n\n #ukraine_russia https://t.co/Cy2sBulVG4',0,0,https://t.co/Cy2sBulVG4
"b""Ukrainian photojournalist Maks Levin killed by Russian forces, according to Ukraine attorney general's office\xc2\xa0 https://t.co/X4IKbVdLHl @amy_cassidy1 @elizamackintosh Mariya Knight""",1,0,https://t.co/X4IKbVdLHl @amy_cassidy1 @elizamackintosh Mariya Knight
"b'@Buckweat16 If it is real - it is a warcrime. Both sides are committing war crimes, as happens in nearly all wars.\n\nHowever, what Russia is doing in Ukraine is a crime against humanity: genocide. https://t.co/1uadYHXbhI'",0,1,https://t.co/1uadYHXbhI
b'Russian Iskanders will ruin your day\n\nw local conventional multiple \n\nwarheads to nuclear cruise missiles\n\nRussia long ago looked at these \n\nforces v armor as its superior backup\n\nv NATO &amp; US America\n\n#Ukraine Kyiv Kiev #Saturday https://t.co/534UcqKQfw https://t.co/NlDAjFjYkK',0,0,https://t.co/534UcqKQfw https://t.co/NlDAjFjYkK
b'@okeyeze83 @okostel @firstladyship @DokunOjomo And you using Putin and Russia as an example is just dumb...Oga our story as ndi igbo is more relatable to Ukraine story than Russia',0,0,#VALUE!
b'Guardian:UK intelligence warned Thurs that #Russia was increasingly seeking out cyber targets as ground campaign in #Ukraine stalls. reports on Wed revealed #Russian hackers attempted to penetrate the networks of #NATO  and the militaries of some eastern European countries.',0,0,#VALUE!
b'Ukraine President Volodymyr Zelenskyy said in a video address to his country that Russian forces are leaving landmines in homes and streets.\n\xc2\xa0\xc2\xa0\xc2\xa0\xc2\xa0\xc2\xa0\xc2\xa0 https://t.co/sMONY2ULC2',0,0,https://t.co/sMONY2ULC2
b"@MAGADALLAS1 I'm lost? So Russia didnt admit to bombings? U people have gone crazy. U apply ur left wing right wing American politics to foreign policy from completely different countries. U think since joe Scarborough supports Ukraine u must be against it. It's a very stupid take on things",1,1,#VALUE!
b'Street Art : Somewhere in Latvia \n\n#Ukraine #UkraineRussiaWar #UkraineWar #war #UkraineUnderAttack  #UkraineRussia #Russia #Ukrainian  #Russian #Kyiv @Ukraine https://t.co/wLDcxaiTOE',0,0,https://t.co/wLDcxaiTOE
b'@docvlad51 @EP_President @glagoljica_ Putin is where you should be pointing the blame. He has no right to invade Ukraine. It does not belong to Russia.',1,1,#VALUE!
b'@sbg1 I am determined to look at the horrific footage from Ukraine. Russia must be held accountable for all of the war crimes that have been committed by their marauding thugs who cosplay as a legit military.',1,1,#VALUE!
b'Western media clubs together to white-wash Ukrainian Neo-Nazis https://t.co/mYlt4r1NVU',0,0,https://t.co/mYlt4r1NVU
b'@ninadsheth @KofmanMichael Their political objectives were a Ukrainian vassal state and instead they birthed a Ukraine that is finally politically unified and defiantly anti-Russian/pro-western. Their war has been a catastrophe for Russia and the goals you mention are no where close to being achieved yet.',0,0,#VALUE!
b'can you blame them this is what they use in soviet\n#Ukraine  #Russia \nhttps://t.co/6wNnVpTJva https://t.co/NPX656iQib',1,1,https://t.co/6wNnVpTJva https://t.co/NPX656iQib
"b'Ukraine Asks European Nations to Close Border With Russia, Belarus | https://t.co/cbGUZ5u2Ql https://t.co/sNGxTjlyR9'",0,0,https://t.co/cbGUZ5u2Ql https://t.co/sNGxTjlyR9
b'@Praecursator007 Syria invasion is a US proxy war on Russia on one front and NATO pushing up to Russia through Ukraine is another .',0,0,#VALUE!
"b""Possible solutions: a) keep NATO prospects open even if membership can be postponed, b) enhance UA's cooperation with NATO c) prepare bi-/multateral security agreements btw Ukraine and partners, but with limited number of states having commom denominator. Russia excluded 6/7""",0,0,#VALUE!
"b'@fergie_grey @Muinchille A bit like Ukraine and Russia then, eh?'",0,1,#VALUE!
"b'Ukraine\'s ""non-aligned"" status can put at risk cooperation with NATO including a) arms supply, b) intelligence sharing, c) training. This can weaken Ukraine\'s security capabilities. Russia can use this to prepare another invasion 4/7'",1,0,#VALUE!
"b'LMAO people celebrating #Ukraine ""recapturing"" areas that Russia has no interest in and is just withdrawing from is like a frog celebrating because the bath is warming up. But then it keeps getting warmer, and finally the frog realises it was a cooking pot, not a bath. \n#Donbass'",0,1,#VALUE!
"b'VIDEO:\n\n#Russia|n #Mi28N Gunship destroying #Ukraine armour during night missions for witch this Gunship is prepared.\n\nSome report the Gunships in the video were the more evolved MI-28NM, but that is not the case because of the nose of the Gunship witch is quite different. https://t.co/7ZYPuXXIng'",0,0,https://t.co/7ZYPuXXIng
b'@armscontrol_rus @UKRinOSCE @i_army_org @Ukraine @USAmbMongolia @USEmbRuPress @UN @UnderSecT @LethalWeaponFOX @Chinamission2un @ChineseEmbinRus denazification of Russia ... soon',0,0,#VALUE!
"b'As the Russians retreated, they left mines and booby traps -- including some hidden in the bodies of dead civilians -- to slow the Ukrainians\xe2\x80\x99 pursuit, according to Ukrainian officers in different towns. @AndrewKramerNYT @NeilMacFarquhar  https://t.co/eko10aYFvD'",1,0,https://t.co/eko10aYFvD
"b'@ZelenskyyUa @IvanDuque @mfa_russia, even Columbia is friendly towards Ukraine. The world hates Russia.'",1,1,#VALUE!
"b""@markizaypeter Russia's crimes against Ukraine are a disgrace to human society, the perpetrators must be held accountable! You can help us, this battle is not only for Ukraine, but also for democracy around the world! Make the right choice, stay on the bright side!""",1,1,#VALUE!
b'Zelenskyy says retreating Russian forces are boobytrapping Ukrainian streets; US pledges military equipment: Live updates #SmartNews  https://t.co/cycLhEZivY',1,0,https://t.co/cycLhEZivY
"b""@Happy_kulayo Same in Nyeri\xf0\x9f\x98\xb3 sh*t is crazy... I don't know if this is purely effects of the Russia-Ukraine war, or there's some foul play here...""",0,0,#VALUE!
"b""Putting aside Abiy's fraud &amp; treachery, taking command of a nation 20 times your size is no easy feat.\n\nIt's like Ukraine taking control of Russia. Or Taiwan taking control of China. Or a Nepali dictator taking control of India. Absurd.""",0,1,#VALUE!
b'@RussianEmbassy @mfa_russia @RusembUkraine @RusEmbUSA @RusMission_EU @BBCWorld @SkyNews @ftworldnews @guardianworld @TelegraphWorld @spectator Yes you clearly are a direct threat -am sure dead women and children in ukraine would agree Mr lavrov',1,1,#VALUE!
"b'Escalate, Escalate, Exterminate.\nRussia vows to target British-made weapons https://t.co/rqjJCMCRlc @MailOnline'",0,0,https://t.co/rqjJCMCRlc @MailOnline
b'Politico: Trumpian Conservatives Hold An Emergency Meeting Over Russia-Ukraine War https://t.co/YE9de7NVX8',0,0,https://t.co/YE9de7NVX8
"b'12. Some users claim that pictures with executed civilians (above) are from Bucha #Ukraine &amp; that this town was occupied by #Russia \'s infamous paratroopers &amp; Kadyrov\'s Chechens, who some on Twitter said to act as ""internal control"" NKVD style troops https://t.co/wWutDehkMt'",1,0,https://t.co/wWutDehkMt
"b""Chancellor Scholz sharply attacks Russia's President Putin. \n\nDuring an appearance, #German Chancellor #Olaf #Scholz has accused #Russia 's President  #Putin of causing global damage with the Russian attack on #Ukraine.\n#Moscow #StopPutinNOW #FreeUkraine #StopPutin #EU #Germany https://t.co/tMPLGRMpeg""",0,0,https://t.co/tMPLGRMpeg
b"@pthomasgarcia And what's funny is you guys are even blowing up your own oil depots to frame Ukraine your getting so desperate not that Ukraine blowing up oil depots in russia is bad they have every right.",1,1,#VALUE!
b'@kiraincongress if john kenaddy was now president of usa and looked at this he would say putin you have 48 hour to get out of ukraine or i will nuke mascow just like he said about cuba 1963  take your misiles back to russia',1,1,#VALUE!
"b'Poor Puppet,Poor fool @ZelenskyyUa  @WhiteHouse  @Europarl_EN  #liars #Traitors #TraitorsToDemocracy  #nazisinukraine #nazis #disappointed #truth #TruthAtAllCosts #TruthMatters #Ukraine #UkraineCrisis  #Russian #Russia #Russians #WashingtonDC #EnemyOfThePeople  #IMPEACHBIDENNOW https://t.co/SblToZyuRm'",0,1,https://t.co/SblToZyuRm
"b""@armscontrol_rus @mfa_russia @UKRinOSCE @i_army_org @Ukraine @USAmbMongolia @USEmbRuPress @UN @UnderSecT @LethalWeaponFOX @Chinamission2un @ChineseEmbinRus I would agree this is a problem. So, why did #Russia #invade #Ukraine in the first place requiring them to get #weapons to defend themselves? It's on you, boys.""",0,1,#VALUE!
"b'Kim Iversen: Ukraine-Russia Is REALLY About The Demise Of US Hegemony, P... https://t.co/P1lWQOwRZI via @YouTube \n\nOur ""Leaders,"" or Fools in Control?\nExcellent Analysis by Kim Iversen!!!\nWATCH:'",0,0,"https://t.co/P1lWQOwRZI via @YouTube \n\nOur ""Leaders,"" or Fools in Control?\nExcellent Analysis by Kim Iversen!!!\nWATCH:"
"b'@vonderleyen EXCLUSIVE: China staged a huge cyberattack on Ukraine\xe2\x80\x99s military and nuclear facilities in the build-up to Russia\xe2\x80\x99s invasion, according to intelligence memos obtained by The Times #WakeUp'",1,0,#VALUE!
b'#RaviVisvesvarayaSharadaPrasad  https://t.co/9AUgCLqzoG Ukraine Says Regained Control Of "Whole Kyiv Region"',0,0,https://t.co/9AUgCLqzoG Ukraine Says Regained Control Of "Whole Kyiv Region"
"b'@meatballsubzero Hmm. To what extent do you agree or disagree with the Anatoly Karlin types that Russia went into this conflict with maximal territorial goals? That is, not just the Donbass, but annexing or puppetizing the entirety of Novorossiya, if not all of Ukraine?'",0,1,#VALUE!
b'@armscontrol_rus @mfa_russia @UKRinOSCE @i_army_org @Ukraine @USAmbMongolia @USEmbRuPress @UN @UnderSecT @LethalWeaponFOX @Chinamission2un @ChineseEmbinRus Thanks to Russia for all its donations to @DefenceU too https://t.co/tQsM4iqEnJ',0,0,https://t.co/tQsM4iqEnJ
"b'@MaxBoot He would be a great President to get Russia on the right track. I feel so sorry for the Russian people. I hate feeling such disdain for Russia for the brutality and cruelty of its military. I pray peace will come, but only if Ukraine is rebuilt and protected by UN peacekeepers.'",1,1,#VALUE!
"b'@zlj517 @GeromanAT Unlike Russia US didnt invaded its neighbours like Georgia, Ukraine, Chechenya. US uses economic sanctions as a deterrent'",0,1,#VALUE!
b'@armscontrol_rus @mfa_russia @UKRinOSCE @i_army_org @Ukraine @USAmbMongolia @USEmbRuPress @UN @UnderSecT @LethalWeaponFOX @Chinamission2un @ChineseEmbinRus Most Crucial mistake Why Russian Army did not think that making a provision for polond border and and nato arms supply there.!!!!',1,1,#VALUE!
"b'@JanezLenarcic Hello Janez. We Ukrainians have something to ask you. As you know, Ukraine has been attacked by russia, as a member of the European Commission, you can help. A help like not issuing visas for the children of Russian elite anymore would do the trick.'",1,1,#VALUE!
b'Once again double standards from PM???\n\nScott Morrison defends trade pact with India after its refusal to condemn Russia\xe2\x80\x99s invasion of Ukraine https://t.co/oLrS1r461T',0,0,https://t.co/oLrS1r461T
"b'@mbaram @EliseStefanik @NYChamber @BBBUpstateNY @UpstateNYUnited Two separate issues.  So you are ok with the POTUS selling out the country to China, enriching his family via Russia and Ukraine because it helps upstate NY?  Maybe her thought is we need to get rid of corruption and that will benefit the entire country'",0,0,#VALUE!
b'@LetsFreeTheCape There is no factual basis to claim that WC ppl predominantly support Ukraine over Russia.',0,0,#VALUE!
"b'Russians booby-trapping homes as they retreat, claims Zelenskiy https://t.co/iVQk6m3372'",1,1,https://t.co/iVQk6m3372
b'#Moscow #European #UkraineRussiaWar #RussiaWar #Putin #RussiaUkraineWar  \n#Kremlin #Poland #EU #Russia #Ukraine\n\nwere 15 women. Russians shaved beautiful women baldly by Nazi barbers for sexual crimes. https://t.co/wYhiFSJP3D',1,1,https://t.co/wYhiFSJP3D
"b'Poor Puppet,Poor fool @ZelenskyyUa  @WhiteHouse  @Europarl_EN  #liars #Traitors #TraitorsToDemocracy  #nazisinukraine #nazis #disappointed #truth #TruthAtAllCosts #TruthMatters #Ukraine #UkraineCrisis  #Russian #Russia #Russians #WashingtonDC #EnemyOfThePeople  #IMPEACHBIDENNOW https://t.co/rBOYmJBBxe'",1,1,https://t.co/rBOYmJBBxe
b'@armscontrol_rus @UKRinOSCE @i_army_org @Ukraine @USAmbMongolia @USEmbRuPress @UN @UnderSecT @LethalWeaponFOX @Chinamission2un @ChineseEmbinRus Lethal weapons! But what are you saying?! Are the weapons lethal! The irony is complete. Russia is executing all civilian men between 16 and 60 and let the bodies stay on the streets. And then Russia is crying like a baby that Ukraine gets lethal weapons.',1,1,#VALUE!
b'Sunday shows preview: Russia-Ukraine talks remain fruitless as invasion drags on https://t.co/hpwgwSBXuB https://t.co/mdq9G7o5dF',0,0,https://t.co/hpwgwSBXuB https://t.co/mdq9G7o5dF
b"Thanks for buying Putin's gas &amp; oil. Thanks for supporting Nord Stream 2 to pay more bloody money for Russia. Blood of Ukrainian people is forever on your hands @Bundeskanzler @OlafScholz @Europarl_EN @ICRC #RussianWarCrimes #Ukraine #UkraineRussiaWar https://t.co/rEMWaQzkWn https://t.co/3ATxmtw9OJ",1,1,https://t.co/rEMWaQzkWn https://t.co/3ATxmtw9OJ
"b'Yet Russia invaded Ukraine multiple times between 1917-1922, forcing Ukraine into Soviet Union. Russia invaded Ukraine in 2014. Russia invaded Ukraine in 2022. Russian tsars and empresses\xe2\x80\x94and now presidents\xe2\x80\x94have tried to wipe Ukrainian culture from history books for centuries.'",1,0,#VALUE!
b'@armscontrol_rus @mfa_russia @UKRinOSCE @i_army_org @Ukraine @USAmbMongolia @USEmbRuPress @UN @UnderSecT @LethalWeaponFOX @Chinamission2un @ChineseEmbinRus This is profitable for arms manufacturers.',1,1,#VALUE!
b'Really?!\xe2\x80\xa6.. Russia the punk ass \xf0\x9f\x87\xba\xf0\x9f\x87\xb8\xf0\x9f\x91\xba\xf0\x9f\x87\xba\xf0\x9f\x87\xb8 https://t.co/V9npAgtUeQ',0,0,https://t.co/V9npAgtUeQ
b'@nebraskaredrose Maybe #Ukraine should liberate @Russia. There sure are a lot of people acting like Nazis there.',0,1,#VALUE!
b'@sumlenny @AlexKokcharov @NATO @NATOpress @UNHumanRightsUA @UN \n@POTUS @10DowningStreet\n\nRussia perpetuates war crimes against civilians in Ukraine . Step up pressure further and take action against #WarCrimes #Putin #putinswar',1,1,#VALUE!
b'@IAPonomarenko @VolunteerReport Incredible killers &amp; robbers!\nAnd why is the post office in Ukraine are taking all the stuff they stolled from Ukrainians to send it in Russia in the first place ?',0,1,#VALUE!
b'Viewing the #WarCrimes in #Ukraine by Russia a "respected" member of the #UN &amp; a member of it\'s security council it\'s time for this organisation to apply for chapter 11. You lost your mandate of humanity. NEVER AGAIN you said. Really? Moral #bankruptcy https://t.co/rsk35vIxcl',1,1,https://t.co/rsk35vIxcl
b'@OgbennaDivine @Qdpaper2 @OmoIyaRisi @BankyW \xf0\x9f\xa4\xa3\xf0\x9f\xa4\xa3so for your mind Ukraine is defeating Russia? Too much CNN is bad for you guy\xf0\x9f\x98\x82\xf0\x9f\x98\x82',0,1,#VALUE!
b'@armscontrol_rus @mfa_russia @UKRinOSCE @i_army_org @Ukraine @USAmbMongolia @USEmbRuPress @UN @UnderSecT @LethalWeaponFOX @Chinamission2un @ChineseEmbinRus I personally trust the UAF more with these weapons than so many others...',0,1,#VALUE!
"b'The venue for a meeting between #Russian President Vladimir Putin and #Ukrainian counterpart Volodymyr Zelenskyy would most likely be #Turkey, Interfax Ukraine reported citing a Ukrainian negotiator.\n\n#Russia #Ukraine #Putin #Zelensky https://t.co/hQGQMnx8fG'",0,0,https://t.co/hQGQMnx8fG
"b'@TomiBoooca12 @Badenoch @trussliz And who was on the islands to be \xe2\x80\x98invaded\xe2\x80\x99? Even so that was over 120 years ago, Russia invaded Ukraine last month\xe2\x80\xa6'",1,0,#VALUE!
b'Russia-Ukraine war latest: Ukrainian troops retake entire Kyiv region; protest in occupied town violently dispersed \xe2\x80\x93 live https://t.co/GwlunZs593',0,0,https://t.co/GwlunZs593
b'@ZelenskyyUa @BorisJohnson Dialogue or war\xf0\x9f\xa4\xa3\xf0\x9f\xa4\xa3\xf0\x9f\xa4\xa3. Comedian Russia will be the end of you. Ukraine are not standing with you. They want peace.',1,1,#VALUE!
"b""@KatalinNovakMP Russia's crimes against Ukraine are a disgrace to human society, the perpetrators must be held accountable! You can help us, this battle is not only for Ukraine, but also for democracy around the world! Make the right choice, stay on the bright side!""",1,1,#VALUE!
b"Belarus played key role in Russia's invasion of Ukraine. The country allowed missiles to be fired from its soil &amp; served as the staging ground for Russian troops as they prepare to invade Ukraine.\n\nUkraine Asks European Nations to Close Border With Russia. https://t.co/zH8BbCnYjn",1,0,https://t.co/zH8BbCnYjn
b'@ManevychElena Moldovan goverment! Are you serious neutral to sanctions? Today Russia destroy Ukraine. And who know who will be the next if we don\xe2\x80\x99t stop aggressor today. @sandumaiamd @nicupopescu @natgavrilita @MihaiPopsoi @MihovSergiu @SMuresan @dumitru_alaiba @cgherasimov @grozaiulian',1,1,#VALUE!
b'Next on the news probably russia accusing ukraine of using aimbot or something. https://t.co/XAGB5zaJrd',1,1,https://t.co/XAGB5zaJrd
"b'@NeverTrumpTexan Russia may want to win, Ukraine must win.'",0,0,#VALUE!
"b""@kronopy @tinso_ww Indeed the Facepalm is needed today. Ukraine Generals fired by Zelensky, SBU heads fleeing to Poland. Mayor's and Deputy Mayor's switching to Russia. Zelensky himself in Poland while the Ukrainian army commits mass suicide. Facepalm\xf0\x9f\x98\x82\xf0\x9f\x98\x82""",0,0,#VALUE!
"b'Ukraine war: Kyiv claims Russia mining areas, firing on civilians | Top\xc2\xa0points https://t.co/vWUHGF9pM0'",1,0,https://t.co/vWUHGF9pM0
b'Zelenskyy says retreating Russian forces are boobytrapping Ukrainian streets: Live updates - USA TODAY https://t.co/y2mp9ibJri via @GoogleNews',0,0,https://t.co/y2mp9ibJri via @GoogleNews
b'@idreesali114 @IntelCrab Putin moving tanks south. training Assad\xe2\x80\x99s men in Russia who volunteered to fight in Ukraine. Russia bombing Ukraine railways. Russia telling Russia\xe2\x80\x99s gullible people that Russia warned the separatists that Ukraine and US coating bank notes with a biological substance.',1,0,#VALUE!
b"@AnonOpsSE When will Ukraine start to bomb Russia ????\nThat's what I want to know.",1,1,#VALUE!
b'@GicAriana @olgatokariuk Russia wants to cut off foreign aid to Ukraine',0,0,#VALUE!
"b""@JackApp39893921 @sssmirnov That's the point, I do my research for more than a week already, literally nonstop, in the big picture this Interviews are just a tiny pixel, there is so much evidence speaking for Russia, Ukraine soldiers do photos and videos too, but all of them prove Russia right aswell""",0,0,#VALUE!
"b'Poor Puppet,Poor fool @ZelenskyyUa  @WhiteHouse  @Europarl_EN  #liars #Traitors #TraitorsToDemocracy  #nazisinukraine #nazis #disappointed #truth #TruthAtAllCosts #TruthMatters #Ukraine #UkraineCrisis  #Russian #Russia #Russians #WashingtonDC #EnemyOfThePeople  #IMPEACHBIDENNOW https://t.co/vrXO9uJAkh'",1,1,https://t.co/vrXO9uJAkh
"b""World War 3 risk \xe2\x80\x98high' as China, North Korea and Iran exploit West's 'diverted attention' #SmartNews  https://t.co/PZQwDWQ2Ns""",0,0,https://t.co/PZQwDWQ2Ns
"b""Moscow's Support for Minsk 'Absolute', Attack on Belarus Would Be Equal to Strike on Russia: Kremlin https://t.co/Ajp66nbdim""",0,0,https://t.co/Ajp66nbdim
"b'@KSergatskova Russia underestimated Ukraine, sent poorly led troops who thought they were on a training exercise!\nDefending your home creates a different kind of soldier, as Russia is finding out the hard way.'",1,1,#VALUE!
"b""#RESIST \xf0\x9f\x8c\x8a\xf0\x9f\x87\xba\xf0\x9f\x87\xa6\nPutin's a war criminal, mass murderer.\nRussia behaves like what they're doing to Ukraine is justifiable. That stance is insane!\nRussia must be stopped, shamed, brought to justice for wanton, inexcusable destruction carried out in Ukraine.\xf0\x9f\x87\xba\xf0\x9f\x87\xa6\n\xe2\xac\x87\xef\xb8\x8f\nhttps://t.co/8NHGeKltfc""",1,1,https://t.co/8NHGeKltfc
"b'An important interview to understand the Russian perspective. By qualifying defeat in Ukraine (undefined) as an existential threat to Russia, escalation seems the only possible outcome. Very concerning. https://t.co/e6GmxNmpVz'",0,0,https://t.co/e6GmxNmpVz
"b'@BluSkyDweller @falskaltruist @annventor @visegrad24 Russia invaded Ukraine. If you defend that, you defend Russias right to do whatever they please. Use your brain.'",1,1,#VALUE!
b'@armscontrol_rus @mfa_russia @UKRinOSCE @i_army_org @Ukraine @USAmbMongolia @USEmbRuPress @UN @UnderSecT @LethalWeaponFOX @Chinamission2un @ChineseEmbinRus Stop trying to divide the US from the rest of the \xf0\x9f\x8c\x8e. We all stand with \xf0\x9f\x87\xba\xf0\x9f\x87\xa6 because \xf0\x9f\x87\xb7\xf0\x9f\x87\xba is committing war crimes in \xf0\x9f\x87\xba\xf0\x9f\x87\xa6 #PutinIsaWarCriminal https://t.co/LeSYXUqwnp',1,1,https://t.co/LeSYXUqwnp
b"@POTUS Ukrainian presidential adviser calls for heavier weaponry as Russia shifts military focus (CNN)\n\nPutin's Criminal War is at a critical juncture that could result in the REMOVAL of Putin! \nThe US &amp; NATO MUST give Ukraine EVERYTHING it needs to CRUSH Russia!!! https://t.co/GVA51Csco5",1,1,https://t.co/GVA51Csco5
"b'@SecBlinken \n@SecDef \n@POTUS \nBlind Russia. Geolocate their launch sites, feed them to Ukraine; hack Russian coms.. eliminate their missile threats before Irpin, Kiev, Lugansk, Kharkiv become Grozni. We cannot let the frustrated Assassin &amp; demagogue Putin destroy all of Ukraine.'",1,1,#VALUE!
"b'Zelenskyy: Retreating Russian forces leaving mines around homes, bodies\nhttps://t.co/jm5E29so89'",0,0,https://t.co/jm5E29so89
"b'@GerardAraud A hypothetical, what if Russia is faced with loss of half (or more) of it\xe2\x80\x99s Army\xe2\x80\x99s total combat capability by Victory Day May 9th ?\n\nTheir forces in Ukraine are capable only of defense by then, with surrenders increasing.\n\nWith these future facts, what will Russia do ?'",0,1,#VALUE!
"b""@ProfPaulPoast And again, wouldn't the autocephalization of the Kyiv Patriarchate represent a religious schism that would create exactly the sort of conflict we're now seeing between Russia and Ukraine?""",0,1,#VALUE!
b'@RussianEmbassy @mfa_russia @RusembUkraine @RusEmbUSA @RusMission_EU @BBCWorld @SkyNews @ftworldnews @guardianworld @TelegraphWorld @spectator Correction #Lavrov \n\nThis is your #russian practice in the ukraine! https://t.co/J7mchK0Z5Y',1,1,https://t.co/J7mchK0Z5Y
b'General Qamar Bajwa is Standing Against Russia and Putin Over Ukraine https://t.co/9nCscWeRWJ via @YouTube',0,0,https://t.co/9nCscWeRWJ via @YouTube
b'A Belarusian battalion fights in Ukraine \xe2\x80\x98for both countries\xe2\x80\x99 freedom\xe2\x80\x99 https://t.co/rNnJZ6xviB',0,0,https://t.co/rNnJZ6xviB
b'Via Euronews: Ukraine war: Fuel depot in Russia ablaze as Moscow blames Kyiv for attack on its territory\nhttps://t.co/JTm3PvSiqk',1,0,https://t.co/JTm3PvSiqk
"b""They are playing the long game, more missiles and less men, of whom they're running out of. Ukraine must go on offensive more often, striking inside Russia more. Let Moscow feel the terror of missiles. Putin is an evil criminal and must be removed asap. https://t.co/duL8JXBfqa""",1,0,https://t.co/duL8JXBfqa
"b'@funkierbasil @uamemesforces I see you got no family both in Ukraine and Russia, that lives everything in first person.'",0,0,#VALUE!
"b'@benyameenjelly @ragipsoylu Agreed but that only push Round 2 farther into the future.  In the end, Russia is bigger than Ukraine, it will be just a matter of time before they try again (unless Ukraine joins NATO).'",0,0,#VALUE!
"b'@IAPonomarenko It must be because the soldiers from the eastern side of Russia who were sent to Ukraine, were not used to good living conditions. I read they were shocked by how wealthy Ukraine was compared to were they came from. A frying pan is probably an interesting thing for them to see.'",1,0,#VALUE!
b'@AseyevStanislav Mother Russia should weep for the systemic murder of her civillian brother Slavs in Ukraine today.',1,1,#VALUE!
"b'@mfa_russia @TokayevKZ @Rfembkazakhstan @KremlinRussia_E @MFA_KZ @Kazakhstan @AkordaPress @primeministerkz @KazBrussels @KazEmbassyIndia @kazembassyEst ""Current issues.""  Like Putin\'s illegal, barbaric invasion of Ukraine . . ?'",1,1,#VALUE!
"b'@FC77991 It is a beautiful water colour, I will try to track down the source!\n\n#StandWithUkraine\n#Ukraine\n#Russia\n#PutinsWar #NotoWar \n\nhttps://t.co/YeYnkQaJr0'",0,0,https://t.co/YeYnkQaJr0
"b'Russia and Ukraine swapped 100 POWs today (50 from each side). Ukraine released photos of the exchanged personnel, including five women. Russian side, however, is reluctant to release the pics, as reports suggest their swapped POWs are in bad shape with visible signs of torture. https://t.co/FJVn7SacyV'",0,0,https://t.co/FJVn7SacyV
b'@armscontrol_rus @mfa_russia @UKRinOSCE @i_army_org @Ukraine @USAmbMongolia @USEmbRuPress @UN @UnderSecT @LethalWeaponFOX @Chinamission2un @ChineseEmbinRus If you think that\xe2\x80\x99s egregious let me tell you about a place called #Afghanistan',0,1,#VALUE!
b'@IAPonomarenko "I went to Ukraine and all I got was this lousy T-Shirt" \nCould be a commercial hit in Russia.',1,1,#VALUE!
"b'@tlitb Geopolitics 101: ""After Russia\xe2\x80\x99s ill-advised invasion of Ukraine, it now appears that the invisible war over global financial resources and control is intensifying. The fuse has been lit and events are taking over.""  https://t.co/OsasjShtxH'",1,0,https://t.co/OsasjShtxH
b'Peace negotiations advanced enough to allow direct meeting between Putin and Zelenskyy: Interfax https://t.co/zSnvU1tiWc',0,0,https://t.co/zSnvU1tiWc
b'Russia shoots down a Turkish attack drone UAV Bayraktar TB-2 of the Ukrainian Air Force.\n#Kherson region #Ukraine.\nIt is the second time evidence of the shooting down of a Turkish Ukrainian Bayraktar TB-2 drone has been seen. https://t.co/xXU37UDSmn',1,0,https://t.co/xXU37UDSmn
b"@POTUS Ukrainian presidential adviser calls for heavier weaponry as Russia shifts military focus (CNN)\n\nPutin's Criminal War is at a critical juncture that could result in the REMOVAL of Putin! \nThe US &amp; NATO MUST give Ukraine EVERYTHING it needs to CRUSH Russia!!! https://t.co/3mW9KJwaiY",1,1,https://t.co/3mW9KJwaiY
"b'SO FAR RUSSIA HAS BEEN LUCKY, \n\nBUT THERE IS THE DANGER THAT A SUICIDE BOMBER WITH UKRAINE SYMPATHY.... \n\nCAN CREATE CHAOS SOMEWHERE IN A HISTORICAL PLACE IN RUSSIA!!!\n\nSO BE VIGILANT!!! https://t.co/GhXYKEGZUO'",1,1,https://t.co/GhXYKEGZUO
"b'@McFaul This is terrorism. Russia is no different than ISIS. Ukraine should extradite all Russian captured troops to US custody, since they are not technically POWs b/c Russian leadership refuses to call this invasion a \xe2\x80\x9cWar\xe2\x80\x9d, meaning the Russian troops are technically terrorists.'",1,1,#VALUE!
b'@Biz_Ukraine_Mag Russia must pay for clean up the mess!\xf0\x9f\x98\xa1\xf0\x9f\x98\xa1\xf0\x9f\x98\xa1',1,1,#VALUE!
"b'Orban has supported EU sanctions against Russia and welcomed a substantial number of Ukrainian refugees, some of them ethnic Hungarians. But he has also declared his country \xe2\x80\x9cneutral\xe2\x80\x9d in the fight, refused to send weapons to Ukraine, 1/2 https://t.co/J9C7szMaPQ'",1,0,https://t.co/J9C7szMaPQ
b"q President Volodymyr Zelensky's government were provided u.Presidentr defence support from US priv\xe2\x80\xa6 https://t.co/hal4TqlzSO @MailOnline",0,0,https://t.co/hal4TqlzSO @MailOnline
"b""@tim_weber @JoeJSaltarelli @GerardAraud Well, if the Ukrainians actually win in conventional terms, then that's fantastic. But if they can't come out of this without Russia wrecking the place entirely, or annexing significant swaths of their land, then it's time for Ukraine to cut its losses.""",0,0,#VALUE!
"b'@War_Mapper LMAO people celebrating Ukraine ""recapturing"" areas that Russia has no interest in and is just withdrawing from is like a frog celebrating because the bath is now warm. But then it keeps getting warmer, and finally the frog realises it was a cooking pot, not a bath.'",0,0,#VALUE!
"b'Andy Vermaut shares:Ukraine Says Regained Control Of ""Whole Kyiv Region"": Ukraine has regained control of ""the whole Kyiv region"" after invading Russian forces retreated from some key towns near the Ukrainian capital, deputy defence minister\xe2\x80\xa6 https://t.co/DGiV1jZs3X Thank you. https://t.co/JdSmPVRuO1'",0,0,https://t.co/DGiV1jZs3X Thank you. https://t.co/JdSmPVRuO1
"b'#Business #business Ukraine Has Retaken Control Of Greater Kyiv Area, Ukrainian Deputy Defense Minister Says: Experts say Russia is now focused on taking control of eastern Ukraine after Russia\xe2\x80\x99s initial plan to capture Kyiv and other major Ukrainian\xe2\x80\xa6 https://t.co/CDmvUAOyPD'",0,0,https://t.co/CDmvUAOyPD
b'@armscontrol_rus @mfa_russia @UKRinOSCE @i_army_org @Ukraine @USAmbMongolia @USEmbRuPress @UN @UnderSecT @LethalWeaponFOX @Chinamission2un @ChineseEmbinRus At this rate russia won\xe2\x80\x99t have a military my the end of the year! You can threaten Nukes but after seeing how bad your military is I doubt they even work.',1,1,#VALUE!
"b""@smarl84 @AgaMagaPl @spectatorindex Afghanistan and Vietnam were also 'Tiny', yet the US lost war against them... If you don't know that war is not about who's big and who's tiny, then you need to learn a lot. By the way, Russia is winning and Ukraine is losing.""",0,0,#VALUE!
b'"It doesn\'t finish. there is no finish to war... War is not won by victory... One side must stop fighting. Why don\'t we stop fighting?" \n- A Farewell To Arms by Ernest Hemingway \nNow we should ask why Russia\xe2\x80\x99s military don\'t stop fighting?\n#RussiaUkraineConflict #Ukraine #ARMY',0,0,#VALUE!
b'@MarkHertling The drones seem to be a good investment.\n\nRussia is lucky the Switchblades have a limited range I can image Ukraine sending a swarm towards Moscow.',1,0,#VALUE!
b'@armscontrol_rus @SRBinRussia @MSBosnia @NATOpoRusski @EU_NonProlif @euunvie @EUOSCE @CroatiaInEU @AmbRusME @UN_Montenegro @AmbrusSlo What Russia is doing now in Ukraine resembles  Nanjing Massacre in 1937. Russian forces are ceaselessly murdering civilians and raping women and girls. Such fascist country must be expelled from international arms control talks.',1,1,#VALUE!
"b'@Jim_Jordan That son\'s money-making from Russia, China, Ukraine,  untold other countries have paid the Biden Clan\'s bills for years. Joe was always the ""poorest"" senator until he became VP in 2008. Hunter monetized the Biden name for access to American political power. Joe\'s wealth exploded.'",0,0,#VALUE!
b'Ukraine says its forces have stopped Russia\xe2\x80\x99s advances on\xc2\xa0Kyiv https://t.co/UMYgAPTyuB',0,0,https://t.co/UMYgAPTyuB
b'@mfa_russia @TokayevKZ @Rfembkazakhstan @KremlinRussia_E @MFA_KZ @Kazakhstan @AkordaPress @primeministerkz @KazBrussels @KazEmbassyIndia @kazembassyEst Out of desperation? Putin is in trouble for invading a neighboring country. He needs to remove Russian military from Ukraine immediately. Every world leader must tell him to do that. And then Putin must turn himself in to The Hague for war crimes.',1,1,#VALUE!
b'@RussianEmbassy @mfa_russia @RusembUkraine @RusEmbUSA @RusMission_EU @BBCWorld @SkyNews @ftworldnews @guardianworld @TelegraphWorld @spectator Lavrov admits that Putin\xe2\x80\x99s Russia started a war (special operation) in order to prevent a war. What a clown trying to rationalize the horrific Russian invasion of Ukraine to kill civilians with terror bombs in order to steal Ukrainian land for empire building. https://t.co/znnHTYZh39',0,0,https://t.co/znnHTYZh39
b"@POTUS Ukrainian presidential adviser calls for heavier weaponry as Russia shifts military focus (CNN)\n\nPutin's Criminal War is at a critical juncture that could result in the REMOVAL of Putin! \nThe US &amp; NATO MUST give Ukraine EVERYTHING it needs to CRUSH Russia!!! https://t.co/GEvharrB9B",1,1,https://t.co/GEvharrB9B
"b'@NeoFromDMatrix1 Putin is a traitor to the world, invades country that fights for their lives to keep Russia out. Anyone who supports putin is a hater of peace. Ukraine wants its own country and not be bullied by communist'",1,0,#VALUE!
b'@AUCHAN_France stop \xf0\x9f\x9b\x91 sponsoring Russia! I do not understand what kind of humanity you can talk about! you sponsor the murders of children in ukraine! shame on you @AUCHAN_France https://t.co/3O1jeW7sdX',1,1,https://t.co/3O1jeW7sdX
"b""@will05767854 @timburchett @MarshaBlackburn Withholding aid because you want the receiving country to lie to help your campaign is wrong. Remember, the country Trump tried to extort was Ukraine, facing aggression from Russia that's now turned into war.""",0,1,#VALUE!
b'@nytimes ITS WRONG \nthe main target is to make sure that Ukraine never ever will join Nato.  So that objective was ACOMPLISHED \n\nNow russia will add more territory to  russian country in order to compensate their loss  in the war.',0,0,#VALUE!
"b'@SenSasse Thank you so much! Indeed, \xf0\x9f\x87\xba\xf0\x9f\x87\xa6 still needs as a priority fighter jets &amp; long-range SAMs! Please promote &amp; push this agenda on the US level. Ukraine is making great progress in the war and can defeat russia, just help us with the heavy arms.'",1,0,#VALUE!
b"Ukraine\nI'm against war. War has no winners. But the horrors and all the executions of civilians cannot continue. Russia must be stopped and held accountable. NATO must intervene. Putin- the girl and the sexless- dare not use A-weapons. Then Russia no longer exists ..\n\xf0\x9f\x87\xa9\xf0\x9f\x87\xb0\xf0\x9f\x92\x82",0,0,#VALUE!
b'@armscontrol_rus @UKRinOSCE @i_army_org @Ukraine @USAmbMongolia @USEmbRuPress @UN @UnderSecT @LethalWeaponFOX @Chinamission2un @ChineseEmbinRus Nobody in their right mind cares what the pariah state called russia aka an old rabbit has to say.',1,1,#VALUE!
"b""@MarkAmesExiled They've done 1 and 2, now all that is left is 3 for the first phase of the war to be done.\n\nOf course, Russia's taken heavy casualties, but so has Ukraine.""",0,0,#VALUE!
b'who won ? \nrussia ---- ukraine\n\n#RussiaUkraineWar',0,0,#VALUE!
b'@GerardAraud To continue pursuing it was antagonising and stupid. Sheer vanity and our own pride to not let the Russians feel they could veto any new members joining. Well - there was a path but one no one was considering. Offer both Russia and Ukraine NATO membership concurrently.',1,0,#VALUE!
"b'@otmarianna @PapkeGerhard Tomorrow it\xe2\x80\x99s time for Hungarian citizens to make a choice. To understand that russia is no one\xe2\x80\x99s friend. Ukraine is holding back the aggressor from invading Europe, including Hungary. Based on surveys 86,6% of russians support invasion to other territories.'",0,0,#VALUE!
b"@POTUS \nUkrainian presidential adviser calls for heavier weaponry as Russia shifts military focus (CNN)\n\nPutin's Criminal War is at a critical juncture that could result in the REMOVAL of Putin! \nThe US &amp; NATO MUST give Ukraine EVERYTHING it needs to CRUSH Russia!!! https://t.co/KGzzuImBc9",1,1,https://t.co/KGzzuImBc9
"b'On May 1, 1992 Rodney King, who had been brutally beaten by the police asked the question, \xe2\x80\x9ccan\xe2\x80\x99t we all get along?\xe2\x80\x9d Today I echo that question as it reverberates from America to Ukraine, Russia, Sudan, Haiti, Uganda, Yemen, Israel, France, England, Ethiopia, Kenya and China.\xf0\x9f\x99\x8f\xf0\x9f\x8f\xbf\xf0\x9f\x99\x8f\xf0\x9f\x8f\xbf'",1,0,#VALUE!
"b'@JackPosobiec Before the Ukraine Douchebaggery I was expecting the Arctic Wars, perhaps postpone for a later time. \n\nhttps://t.co/N41s5fSW80'",0,0,https://t.co/N41s5fSW80
b'Russia is losing so much equipment in Ukraine that weapons monitors can\xe2\x80\x99t keep up https://t.co/fa1rWBub9e',0,0,https://t.co/fa1rWBub9e
"b'@chrisnye22 @RALee85 You are aware at this point there is most likely more people in the Ukrainian Army than what Russia can send yes?? with more sophisticated weapons than Russia yes?? Ukraine was 44M people,Russia sent in 190K troops,plus there 1000s of foreign volunteers fighting for Ukraine'",1,1,#VALUE!
b'@noe_enklere @denial_jean @tuumapomm @SamRamani2 West will help Ukraine to war up to last solder but not to win. It\xe2\x80\x99s good way for west to make Russia less powerful. But direct war will not be started near years yet. A lot must be done at Russia and West side for that. And don\xe2\x80\x99t forget China with Twain etc',0,0,#VALUE!
b'@elonmusk Help me detach our name from the U.S to avoid a nuclear war and help me drive the forces of Russia from @Ukraine \nWe will then install a borderized wall of protection as part of Operation Elohim.\n@Pontifex \nAll I can ask is for you to help me defend the innocent.',1,0,#VALUE!
b"@OlenaTverda @lapatina_ @rogertansey Let's pretend the RF hasn't been doing unconscionable things for 6 years in Ukraine.  I simply don't understand her naivety.  \n\nWar is hell.  The worst atrocities humans can fathom to commit happen during war and conflicts.  The same hell over and over.\n\nhttps://t.co/bjHCBLb2d4",0,1,https://t.co/bjHCBLb2d4
b"@anders_aslund That's for sure. If Ukraine could do so much with such fewer weapons then they will be gaining higher grounds in the battle against Russia if they're provided with enough of what it takes to fight this war",0,0,#VALUE!
b'Putin is making the same mistakes that doomed Hitler when he invaded the Soviet Union\n#Ukraine #UkraineRussiaWar #UkraineWar #war #UkraineUnderAttack  #UkraineRussia #Russia #Ukrainian  #Russian #Kyiv @Ukraine \nhttps://t.co/QonBUQSeqC',1,1,https://t.co/QonBUQSeqC
"b'@ConspiracyBull1 The only surprise is the fact that Ukraine is performing well against Russia\xe2\x80\x99s invasion. Granted the Russian military had never been \xe2\x80\x9cgreat\xe2\x80\x9d, but the sheer strength compared to Ukraine\xe2\x80\x99s would have assume it would be holding a lot more territory now.'",1,0,#VALUE!
b'The #Ukraine \xf0\x9f\x87\xba\xf0\x9f\x87\xa6 #Russia war proved in a practical way the outmost need for #Bitcoin \n\n#BitcoinTrade \n#cryptocurrency \n#blog #blockchain \n#MoneyTalk #moneygame',0,0,#VALUE!
b'@twitnewsaccount Ukraine territorial wise is a big incentive for the west. It means they have Russia real nervous. Just the same way like the US went crazy when Cuba sided with Russia. Its geo politics. And you cannot trust media sources that are funded by the same people trying to destabilise',0,0,#VALUE!
"b'No. I didn\xe2\x80\x99t miss the point. I was stating facts : no plan to deploy missiles, no steps towards NATO membership. They are facts Russia was pretty aware of. NATO is a mere pretext. To Putin, Ukraine is not a legitimate country. He said so and wrote it. https://t.co/wxrKvaQXgQ'",1,0,https://t.co/wxrKvaQXgQ
"b""@Katvis100 @spriter99880 Russia will border Moldova with the new territories ceased from Ukraine &amp; there ain't shit anyone can do about it. Not even the US. They will simply say, they won't recognize the new borders &amp; watch from distance \xf0\x9f\x98\x82\xf0\x9f\x92\x80""",0,0,#VALUE!
"b'In Syria, Russia leads effort to recruit fighters for Ukraine | Russia-Ukraine war News | Al Jazeera https://t.co/FSRkWN9mXn'",0,0,https://t.co/FSRkWN9mXn
"b'If the new negotiations between the Ukraine and and Russia happens again the Russia and other third parties will convince the Ukraine not to fight and try to stop the war, but the Russia still building up the troops for the big new fight'",0,0,#VALUE!
b"@sumlenny Ukraine\nI'm against war. War has no winners. But the horrors and all the executions of civilians cannot continue. Russia must be stopped and held accountable. NATO must intervene. Putin- the girl and the sexless- dare not use A-weapons. Then Russia no longer exists ..\n\xf0\x9f\x87\xa9\xf0\x9f\x87\xb0\xf0\x9f\x92\x82",0,0,#VALUE!
"b'Maybe there is no natural liberal world order, but there are liberal societies, open and free countries that offer a better chance for people to live useful lives than closed dictatorships do @anneapplebaum  https://t.co/bsqS5uyuGv'",0,0,https://t.co/bsqS5uyuGv
"b'Ukrainian troops moved to retake territory north of the country\xe2\x80\x99s capital on Saturday, using cables to pull the bodies of civilians off the streets out of fear that Russian forces might have booby-trapped them before leaving. Latest from @nebiqena https://t.co/98WZX4fu3r'",1,0,https://t.co/98WZX4fu3r
"b'@Kevin_I_Mitton @mhmck But Russia claims that it has not invaded Ukraine, there is no war, only a small special military operation....'",1,0,#VALUE!
b"@GerardAraud That is exactly why I am questioning the reason for all the activity in Ukraine since the 1990s. Haven't you seen what the US Senators said in 2017? Everyone knows the sensitivities. Russia is no longer the USSR. It cannot become something else anymore. Reduced to essence.",0,0,#VALUE!
"b""@olex_scherba Ukraine doesn't need to produce propaganda about Russia. All they have to do is post clips of opinions from Russian TV, social media, academia and streets. Any visas for Russians to the EU should require community service in Ukraine: rebuilding cities and social services.""",1,0,#VALUE!
"b'cw russia, ukraine, genocide\n\nChrist https://t.co/ql59mrbB82'",1,1,https://t.co/ql59mrbB82
b'ASG member Gen. David Petraeus joined @wolfblitzer on the @CNNSitRoom to discuss Russia\xe2\x80\x99s changing focus to the south of Ukraine amidst staunch resistance. Listen to his interview here: https://t.co/7AbcX3TGEp',1,0,https://t.co/7AbcX3TGEp
"b'Ukraine, Colombia agree on joint economic and defense projects after war #Ukraine #Russia \n\nhttps://t.co/0gOsSiEXjz'",0,0,https://t.co/0gOsSiEXjz
b'@dkaleniuk It makes me sick we are not doing more to stop Russia. Every passing  day we will here more and more stories like this. Cut the gas and oil from Russia and give Ukraine the weapons it needs to push Russians back. There is already enough blood in our hands for just standing by.',1,1,#VALUE!
b'An Ukrainian TB2 Bayraktar drone shot down by Russian forces. #Ukraine #Russia https://t.co/h75xANNWTi',0,0,https://t.co/h75xANNWTi
"b""@Kanetimothy @RJAlvarez @KofmanMichael That'd be a beautiful thing. Esp. if Crimea is left untouched -- and totally cut off from the mainland.\n\nAlso, if things go really badly for Russia with sanctions etc, Crimean will recall how good they had it in Ukraine right damn quick. Love rekindled!""",0,1,#VALUE!
"b""@tradunski @NavinaHeyden No, it's made, funded, hyped, and supported by NATO.  China is 5000 miles away and is friendly to both Russia and Ukraine.""",1,0,#VALUE!
"b'@ZelenskyyUa @BorisJohnson You should also give a parliamentary speech at ""India, Pakistan, Saudi Arabia, UAE""\n\nIndia is increasing oil imports from Russia even after Russia\'s invasion of Ukraine\n\n You should ask, ""Don\'t import oil from Russia."" You should ask, ""Please increase oil production.'",1,0,#VALUE!
"b""@adagamov Irish Foreign Minister Simon Coveney tells Andrew Marr the EU (with Italy) has agreed to 'effectively double' it's military assistance to Ukraine, with a 'fifth round' of sanctions against Russia incoming.\n\n@AndrewMarr9 | @simoncoveney https://t.co/jX7BlnjYk8""",0,0,https://t.co/jX7BlnjYk8
"b'So, Russian media gonna call this a *Special Military Withdrawal*? https://t.co/E4lXj4NKph'",1,1,https://t.co/E4lXj4NKph
"b""@Femi_Sorry Yep, it has nothing to do with the pandemic or russia invading Ukraine, we know this because we're the only country in the world suffering from inflation at the moment......""",0,0,#VALUE!
b'TOP WRAP 9-Ukraine claims control over Kyiv region as Russia looks east https://t.co/h7X08zGhJs',0,0,https://t.co/h7X08zGhJs
"b""@ergosum79 @GramlWalter @anders_aslund Every country has Nazi groups.  However, Neo-nazis don't run Russia's military like they do in Ukraine.  \n\nWorse yet, CIA is rewarding them for their Nazi behavior.\n\nWhy do you support Nazis?\nhttps://t.co/teVgfsnImp""",0,0,https://t.co/teVgfsnImp
b'@Jim_Jordan Didn\xe2\x80\x99t you also call Trump a \xe2\x80\x9cGreat American\xe2\x80\x9d when he refused to send approved money to Ukraine to defend themselves against Russia in the FIRST impeachment? Didn\xe2\x80\x99t you try to pretend Ukraine hacked our database NOT Russia even though intelligence said otherwise?',1,1,#VALUE!
b'@BoulderLeah20 @diangelo007 @andymok \xe2\x80\x9cRussia did not invade Ukraine.\xe2\x80\x9d Got it.',0,0,#VALUE!
"b'@FritzyLane @MattFor87404375 @activeasian Vladimir Putin\xe2\x80\x99s personal ambitions  are the reason Russia \xe2\x80\x9cmoved on Ukraine.\xe2\x80\x9d And the entire world agrees, aside from the Russian pawns and propagandists and you.'",1,1,#VALUE!
"b'Nearly 300 civilians are buried in a &amp;quot;mass grave&amp;quot; in Bucha, AFP reported, citing the mayor #Ukraine #UkraineWar #Russia #UkraineInvasion'",1,0,#VALUE!
